               Sunday       Thursday   Sunday       Thursday              Sunday       Thursday   Sunday    Thursday              Sunday          Sunday       Thursday   Sunday       Thursday    Sunday       Thursday          Sunday       Thursday   Sunday       Thursday              Sunday       Thursday   Sunday         Thursday               Thursday               Thursday   Sunday       Thursday    Sunday       Thursday          Sunday       Thursday   Sunday       Thursday              Sunday       Thursday   Sunday       Thursday               Thu   Sunday          Sunday       Thursday   Sunday       Thursday    Sunday       Thursday   Sunday       Thursday                 S  Thursday                 Sund