               Sunday       Thursday   Sunday       Thursday              Sunday       Thursday   Sunday       Thursday               Thursday              Sunday          Sunday       Thursday   Sunday       Thursday    Sunday       Thursday  Sunday       Thursday   Sunday       Thursday              Sunday       Thursday   Sunday       Thursday               Thursday              Sunday      Thursday              Sunday       Thursday   Sunday       Thursday               Thursday              Sunday          Sunday       Thursday   Sunday       Thursday    Sunday     Thursday   Sunday       Thursday              Sunday       Thursday   Sunday       Thursday               Thursday              Sunday          Sunday       Thursday   Sunday       Thursday    Sunday       Thursday  Sunday       Thursday   Sunday       Thursday              Sunday       Thursday   Sunday       Thursday               Thursday              Sunday      Thursday              Sunday       Thursday   Sunday       Thursday               Thursday              Sunday          Sunday       Thursday   Sunday       Thursday    Sunday       Thursday            Sunday       Thursday   Sunday       Thursday    Sunday       Thursday          Sunday       Thursday   Sunday       Thursday        Sunday       Thursday   Sunday       Thursday              Sunday       Thursday   Sunday       Thursday               Thursday              Sunday          Sunday       Thursday   Sunday       Thursday    Sunday       Thursday          Sunday       Thursday   Sunday       Thursday              Sunday       Thursday   Sunday       Thursday               Thursday              Sunday      Thursday              Sunday       Thursday   Sunday       Thursday               Thursday              Sunday          Sunday       Thursday   Sunday       Thursday    Sunday       Thursday            Sunday       Thursday   Sunday       Thursday    Sunday       Thursday          Sunday       Thursday   Sunday       Thursday              Sunday       Thursday   Sunday       Thursday               Thursday              Sunday      Thursday              Sunday       Thursday   Sunday       Thursday               Thursday              Sunday          Sunday       Thursday   Sunday       Thursday                  Sunday       Thursday   Sunday       Thursday               Thursday              Sund          Sunday     Sunday       Thursday   Sunday       Thursday              Sunday       Thursday   Sunday Sunday  12     Thursday   Sunday       Thursda              Sunda        2:3
     Thursday            Sunday       Thursday   Sunday       Thursday    Sunday       Thursday          Sunday       Thursday   Sunday       Thursday        Sunday       Tsday               Thursday              Sunday      Thursday              Sunday       Thursday   Sunday       Thursday               Thursday              Sunday      àß  Sunday       Thursday   Sunday       Thursday                  Sunday       Thursday   Sunday       Thursday               Thursday              SundÂ…          Sunday     Sunday       Thursday   Sunday       Thursday              Sunday       Thursday   Sunday Sunday       Thursday   Sunday       Thursda              Sunda        2:3
