            Sunday       Thursday   Sunday       Thursday         Sun     Thu   Sunday       Thursday           Thursday              Sunday          Tuesday      Thursday   Sunday       Thursday    Sunday       Thursday     Sunday       Thursday   Sunday       Thursday              Sunday       Thursday   Sunday       Thursday               Thursday           Sunday    Saturday  Sunday       Thursday   Sunday       Thursday    Sunday       Thursday   Sun   Thursday                        Sund  
