  Sunday       Thursday   Sunday    Thursday              Sunday          Sunday       Thursday   Sunday       Thursday    Sunday       Thursday          Sunday       Thursday   Sunday       Thursday              Sunday       Thursday   Sunday         Thursday               Thursday              Sunday          Sunday       Thursday   Sunday   Thursday    Sunday       Thu Sunday       Thursday   Sunday      Thursday              Sunday       Thursday   Sunday      Sunday       Thursday   Sunday       Thursday              Sunday     Thursday   Sunday       Thursday  Sunday    Thursday        Sunday          Sunday       Thursday   Sunday       Thursday    Sunday       Thursday          Sunday       Thursday   Sunday       Thursday              Sunday       Thursday   Sunday         Thursday               Thursday             Sunday          Sunday       Thursday   Sunday       Thursday    Sunday       Thursday   ™       Sunday       Thursday   Sunday       Thursday              Sunday     Thursday   Sunday       Thursday               Thursday              Sunday          Sunday       Thursday   Sunday       Thursday    Sunday       Thursday   Sunday       Thursday               ThurydSunday       Th      1:3
