               Sunday       Thursday   Sunday       Thursday              Sunday       Thursday   unday    Thursday              Sunday          Sunday       Thursday   Sunday       Thursday    Sunday       Thursday     Sunday       Thursday   Sunday       Thursday              Sunday       Thursday   Sunday         Thursday               Thursday              Sunday          Sunday       Thursday   Sundayè       Thursday    Sunday       Thursday          Sunday       Thursday   Sunday       Thursday              Sunday       Thursday   Sunday       Thursday               Thu   Sunday          Sunday       Thursday   Sunday       Thursday    Sunday       Thursday   Sunday   Thursday                 Sund