

    Sund  Thur  Sun  Thursday   Sunday           Sunday   Sunday       Thur Thursda           Sund  Thur  Sun Thursday   Sunday Sund  Thur  Sun  Thursday         Sund  Thur  Sun Thursday   Sunday Sund  Thur  Sun( Thursday   Sunday       Thursda                Sunday   Sunday       Thur Thursda           Sund  Thur  Sun Thursday   Sunday       Thu Thursda                  Thu Thursda                   Thur  Sun    Thur  Sun Thursd       Thu Thursd`                  Thu Thursda              Sunday       Thur  Sun  Thursday   Sunday           Sund  Thur  Sun  Thursday   Sunday           Sunday   Sunday       Thur Thursda           Sund  Thur  Sun Thursday   Sunday Sund  Thur  Sun  Thurs     Sund  Thur  Sun Thursday   Sunday Sund  Thur  Sun( Thursday   Sunday:3       Thursda                Sunday   Sunday       Thur Thursda           Sund  Thur  Sun Thursday   Sunday       Thu Thursda                  Thu Thursda                   Thur  Sun    Thur  Sun Thursd       Thu Thursd`                  Thu Thursda              Sunday       Thur  Sun  Thursday   Sunday           Sund  Thur  Sun  Thursday   Sunday           Sunday   Sunday       Thur Thur Sund  Thur  Sun  Thursday   Sunday           Sunday   Sunday       Thur Thursda           Sund  Thur  Sun Thursday   Sunday Sund  Thur  Sun  Thursday         Sund  Thur  Sun Thursday   Sunday Sund  Thur  Sun  Thursday   Sunday       Thursda                Sunday   Sunday       Thur Thursda           Sund  Thur  Sun Thursday   Sunday       Thu Thursda                  Thu Thursda                   Thur  Sun    Thur  Sun Thursd       Thu Thursd`                  Thu Thursda              Sunday       Thur  Sun  Thursday   Sunday      Thu Thursda        Sund  Thur  Sun  Thursday   Sunday           Sunday   Sunday       Thur Thursd!           Sund  Thur  Sun Thursday   Sunday Sund  Thur  Sun  Thursday         Sund  Thur  Sun Thursday   Sunday Sund  Thur  Sun  Thursday  Thursda      Friday
Mond  